"Indice des prix à la consommation mensuel, non désaisonnalisé 1 2 3"
"Fréquence : Mensuelle"
"Tableau : 18-10-0004-01 (anciennement CANSIM 326-0020)"
"Date de diffusion : 2026-09-14"
"Géographie : Canada, Province ou territoire, Subdivision de recensement, Région métropolitaine de recensement, Partie de région métropolitaine de recensement"
""
""

"Géographie";"Canada";;;;;;;;;;;;;;;;;;;;;;;;;;;;;;;;;;;;;;;;;;;;;;;;;;;;;;;;;;;;;;;;
"Produits et groupes de produits 3 4";"avril 2021";"mai 2021";"juin 2021";"juillet 2021";"août 2021";"septembre 2021";"octobre 2021";"novembre 2021";"décembre 2021";"janvier 2022";"février 2022";"mars 2022";"avril 2022";"mai 2022";"juin 2022";"juillet 2022";"août 2022";"septembre 2022";"octobre 2022";"novembre 2022";"décembre 2022";"janvier 2023";"février 2023";"mars 2023";"avril 2023";"mai 2023";"juin 2023";"juillet 2023";"août 2023";"septembre 2023";"octobre 2023";"novembre 2023";"décembre 2023";"janvier 2024";"février 2024";"mars 2024";"avril 2024";"mai 2024";"juin 2024";"juillet 2024";"août 2024";"septembre 2024";"octobre 2024";"novembre 2024";"décembre 2024";"janvier 2025";"février 2025";"mars 2025";"avril 2025";"mai 2025";"juin 2025";"juillet 2025";"août 2025";"septembre 2025";"octobre 2025";"novembre 2025";"décembre 2025";"janvier 2026";"février 2026";"mars 2026";"avril 2026";"mai 2026";"juin 2026";"juillet 2026";"août 2026"
;"2002=100";;;;;;;;;;;;;;;;;;;;;;;;;;;;;;;;;;;;;;;;;;;;;;;;;;;;;;;;;;;;;;;;
"Ensemble";"140,3";"141,0";"141,4";"142,3";"142,6";"142,9";"143,9";"144,2";"144,0";"145,3";"146,8";"148,9";"149,8";"151,9";"152,9";"153,1";"152,6";"152,7";"153,8";"154,0";"153,1";"153,9";"154,5";"155,3";"156,4";"157,0";"157,2";"158,1";"158,7";"158,5";"158,6";"158,8";"158,3";"158,3";"158,8";"159,8";"160,6";"161,5";"161,4";"162,1";"161,8";"161,1";"161,8";"161,8";"161,2";"161,3";"163,0";"163,5";"163,4";"164,3";"164,4";"164,9";"164,8";"164,9";"165,3";"165,4";"165,0";"165,0";"165,9";"167,4";"168,0";"169,6";"169,0";"169,9";"169,8"
"Aliments 5";"155,4";"156,6";"156,8";"157,6";"158,0";"158,5";"159,2";"160,7";"161,6";"163,9";"166,0";"167,5";"169,0";"170,4";"170,6";"172,1";"173,5";"174,8";"175,2";"177,3";"177,9";"181,0";"182,1";"182,4";"183,1";"184,6";"184,8";"185,5";"185,3";"185,2";"185,0";"186,2";"186,8";"188,1";"188,1";"187,8";"187,4";"189,0";"190,0";"190,5";"190,3";"190,3";"190,5";"191,5";"188,0";"187,0";"190,5";"193,8";"194,5";"195,4";"195,6";"196,8";"196,8";"197,5";"196,9";"199,5";"199,7";"200,7";"200,8";"201,5";"201,3";"202,8";"202,4";"202,8";"202,4"
"Logement 6";"150,7";"151,7";"152,8";"153,5";"153,9";"154,4";"155,4";"155,9";"156,8";"157,6";"158,6";"160,2";"161,9";"163,0";"163,6";"164,2";"164,1";"164,9";"166,2";"167,2";"167,8";"168,0";"168,3";"168,9";"169,9";"170,6";"171,4";"172,6";"174,0";"174,8";"176,3";"177,1";"177,8";"178,4";"179,2";"179,9";"180,8";"181,5";"182,1";"182,5";"183,3";"183,5";"184,8";"185,3";"185,8";"186,4";"186,7";"187,0";"186,9";"186,9";"187,3";"187,9";"188,0";"188,2";"189,4";"189,6";"189,7";"189,6";"189,5";"190,1";"190,2";"190,1";"190,2";"190,3";"190,9"
"Dépenses courantes, ameublement et équipement du ménage";"124,7";"124,7";"124,8";"125,6";"125,8";"125,9";"126,5";"126,3";"126,1";"126,7";"127,6";"129,1";"129,8";"131,5";"131,8";"131,9";"132,2";"132,7";"132,9";"132,9";"131,9";"131,4";"132,8";"133,3";"133,7";"133,0";"132,2";"131,8";"132,2";"131,3";"131,3";"130,9";"129,7";"130,8";"130,6";"130,2";"130,9";"131,0";"131,0";"131,7";"131,2";"131,0";"131,2";"130,0";"128,6";"130,5";"131,7";"131,3";"132,4";"133,1";"132,9";"133,5";"133,9";"134,1";"135,0";"134,3";"133,2";"133,7";"133,3";"132,1";"132,9";"132,9";"132,6";"134,0";"134,4"
"Vêtements et chaussures";"94,9";"95,1";"93,4";"93,0";"93,3";"94,7";"96,0";"96,9";"93,1";"93,4";"93,8";"94,5";"95,1";"97,2";"95,9";"94,3";"94,6";"96,1";"97,7";"97,3";"94,8";"93,8";"95,6";"96,8";"97,5";"97,9";"96,2";"95,2";"96,2";"97,1";"97,2";"97,9";"95,7";"92,6";"91,6";"94,2";"95,0";"95,0";"93,2";"92,6";"92,0";"92,8";"95,0";"94,2";"91,4";"91,4";"92,9";"94,4";"94,2";"95,5";"95,1";"93,3";"93,6";"93,5";"94,7";"95,0";"91,9";"92,1";"93,7";"94,0";"96,1";"97,3";"96,5";"95,5";"94,7"
"Transports";"149,5";"150,3";"150,8";"152,2";"153,8";"153,2";"155,4";"155,4";"154,9";"156,9";"159,9";"165,5";"166,3";"172,2";"176,2";"174,1";"169,7";"166,5";"170,1";"168,6";"164,2";"165,4";"164,8";"166,0";"168,5";"168,1";"170,2";"172,4";"173,6";"171,9";"169,5";"168,5";"169,5";"167,4";"168,5";"171,0";"173,8";"173,9";"173,6";"175,9";"173,5";"169,3";"169,9";"170,4";"173,4";"173,1";"173,6";"173,1";"170,5";"171,7";"172,6";"173,3";"172,7";"171,8";"171,1";"171,6";"172,6";"170,2";"172,2";"179,5";"183,5";"187,1";"184,2";"186,8";"185,7"
"Essence";"184,6";"190,5";"193,6";"200,4";"201,3";"201,0";"211,1";"210,8";"202,2";"211,9";"226,6";"253,4";"251,7";"281,9";"299,4";"271,8";"245,8";"227,6";"248,6";"239,6";"208,3";"218,1";"215,9";"218,4";"232,2";"230,3";"234,7";"236,8";"247,8";"244,7";"229,1";"221,1";"211,3";"209,3";"217,7";"228,3";"246,3";"243,2";"235,7";"241,4";"235,2";"218,4";"220,0";"220,1";"218,7";"227,4";"228,8";"224,7";"201,7";"205,5";"204,0";"202,5";"205,4";"209,4";"199,4";"203,0";"188,6";"189,5";"196,3";"238,0";"259,3";"273,7";"245,8";"254,6";"252,2"
"Soins de santé et soins personnels";"132,5";"132,4";"132,6";"133,4";"133,3";"133,7";"133,9";"134,1";"133,4";"134,1";"134,6";"134,9";"137,0";"137,2";"137,8";"138,6";"139,1";"139,6";"140,4";"141,5";"141,5";"142,4";"143,0";"143,7";"145,7";"146,0";"146,4";"146,6";"147,2";"147,4";"147,3";"147,4";"146,7";"147,7";"148,4";"148,3";"150,0";"151,2";"150,8";"150,8";"151,1";"151,9";"151,9";"151,6";"151,3";"151,1";"151,9";"152,0";"152,8";"154,4";"154,8";"155,0";"155,4";"155,8";"155,7";"156,1";"155,7";"156,1";"156,7";"157,0";"157,9";"158,5";"158,6";"158,6";"158,8"
"Loisirs, formation et lecture";"116,8";"117,6";"118,0";"119,7";"118,6";"119,0";"120,1";"118,5";"117,7";"119,2";"120,9";"123,1";"121,6";"123,9";"125,3";"127,1";"125,4";"125,2";"125,0";"123,4";"121,7";"122,6";"123,7";"125,1";"125,4";"127,8";"126,8";"129,4";"128,2";"127,5";"128,6";"128,1";"123,8";"123,0";"125,0";"127,5";"126,6";"129,5";"127,6";"129,1";"128,0";"127,5";"127,5";"126,9";"126,0";"125,3";"129,6";"128,6";"128,4";"130,6";"129,6";"130,3";"128,7";"129,6";"130,0";"127,4";"126,2";"126,6";"130,2";"132,0";"129,7";"134,3";"134,5";"136,0";"135,9"
"Boissons alcoolisées, produits du tabac et cannabis récréatif";"174,4";"175,2";"175,5";"175,0";"176,2";"175,8";"176,2";"176,6";"175,7";"178,2";"178,5";"179,3";"179,8";"180,4";"180,7";"181,6";"182,4";"182,4";"183,5";"184,5";"184,2";"186,5";"187,3";"189,0";"189,4";"190,3";"190,5";"191,2";"191,9";"192,0";"192,2";"193,0";"192,1";"194,3";"194,1";"195,0";"195,9";"196,4";"196,5";"196,4";"197,9";"197,8";"198,0";"198,3";"193,5";"192,3";"195,2";"199,7";"200,0";"200,4";"200,2";"200,1";"200,5";"200,8";"201,0";"201,1";"200,4";"201,6";"202,0";"202,2";"202,1";"203,0";"203,6";"204,1";"203,9"
"Ensemble excluant les aliments et l'énergie 7";"134,2";"134,6";"135,0";"135,6";"135,9";"136,2";"136,8";"136,8";"136,7";"137,5";"138,3";"139,6";"140,4";"141,6";"142,2";"143,1";"143,1";"143,6";"144,1";"144,2";"144,0";"144,3";"145,0";"145,9";"146,6";"147,2";"147,2";"148,0";"148,3";"148,2";"149,0";"149,3";"148,9";"148,8";"149,1";"150,1";"150,5";"151,4";"151,4";"152,0";"151,8";"151,7";"152,4";"152,2";"152,1";"152,0";"153,4";"153,7";"154,4";"155,3";"155,4";"155,8";"155,5";"155,4";"156,5";"155,9";"155,9";"155,6";"156,4";"156,6";"156,7";"157,8";"158,2";"158,8";"158,8"
"Ensemble excluant l'énergie 7";"137,9";"138,5";"138,8";"139,5";"139,8";"140,1";"140,7";"141,0";"141,1";"142,1";"143,1";"144,4";"145,3";"146,6";"147,1";"148,1";"148,3";"148,9";"149,4";"149,8";"149,7";"150,4";"151,2";"152,0";"152,7";"153,4";"153,5";"154,3";"154,5";"154,4";"155,1";"155,5";"155,2";"155,3";"155,6";"156,4";"156,6";"157,7";"157,8";"158,5";"158,3";"158,1";"158,8";"158,8";"158,2";"157,9";"159,6";"160,3";"161,1";"161,9";"162,1";"162,6";"162,3";"162,4";"163,2";"163,1";"163,1";"163,0";"163,7";"164,0";"164,0";"165,3";"165,5";"166,1";"166,0"
"Énergie 7";"170,2";"173,2";"174,7";"179,2";"180,2";"179,9";"187,5";"188,4";"184,2";"190,0";"199,0";"213,9";"215,1";"233,4";"242,5";"229,4";"214,5";"205,1";"217,9";"214,6";"197,7";"200,3";"197,9";"199,2";"206,0";"204,4";"207,2";"210,7";"218,4";"216,2";"206,2";"202,3";"197,0";"194,9";"200,4";"204,7";"215,2";"212,8";"208,3";"211,6";"208,2";"198,3";"198,9";"199,5";"199,0";"205,3";"206,4";"204,0";"187,8";"189,4";"188,6";"189,5";"191,0";"193,1";"186,0";"189,4";"181,5";"183,0";"187,3";"211,9";"223,9";"231,4";"215,6";"221,0";"220,5"
"Biens 8";"126,8";"127,9";"128,1";"129,1";"129,4";"129,6";"130,9";"131,7";"130,8";"132,7";"134,7";"137,8";"138,3";"141,2";"142,4";"141,5";"140,4";"140,2";"141,9";"142,2";"139,8";"141,2";"141,8";"142,7";"143,9";"144,1";"144,4";"144,7";"145,6";"145,2";"144,1";"144,2";"143,1";"143,1";"143,5";"144,2";"145,4";"145,5";"144,8";"145,1";"144,6";"143,7";"144,2";"144,2";"142,9";"144,4";"145,6";"146,1";"144,7";"145,4";"145,5";"145,6";"145,6";"146,0";"145,5";"146,4";"144,6";"145,7";"146,4";"149,2";"151,1";"152,4";"150,6";"151,0";"150,5"
"Services 9";"153,7";"154,0";"154,6";"155,4";"155,7";"156,1";"156,7";"156,5";"157,2";"157,7";"158,4";"159,4";"160,8";"162,0";"162,7";"164,2";"164,3";"164,8";"165,2";"165,5";"166,0";"166,1";"166,8";"167,6";"168,5";"169,4";"169,5";"171,2";"171,3";"171,3";"172,8";"173,1";"173,1";"173,1";"173,8";"175,1";"175,5";"177,2";"177,6";"178,8";"178,6";"178,2";"179,0";"179,1";"179,2";"177,9";"180,1";"180,6";"181,7";"182,9";"183,0";"183,8";"183,6";"183,5";"184,8";"184,2";"185,1";"183,9";"185,0";"185,2";"184,7";"186,5";"187,1";"188,4";"188,7"




Renvois:
1;"L'Indice des prix à la consommation (IPC) n'est pas un indice du coût de la vie. L'objectif d'un indice du coût de la vie est de mesurer les changements nécessaires dans les dépenses qui permettront aux consommateurs de maintenir leur niveau de vie. Le principe de base est que les consommateurs remplaceront normalement un produit par un autre produit équivalent selon les variations du prix relatif de ces produits. Par exemple, si le thé apporte la même satisfaction aux consommateurs que le café, on pourra remplacer le café par le thé lorsque le prix du thé diminue par rapport à celui du café. Ainsi, au produit le plus cher, on peut toujours substituer un produit équivalent moins cher. On pourrait calculer un indice du coût de la vie pour une seule personne, à la condition de connaître tous les goûts et toutes les habitudes de consommation de cette personne. Remplir cette condition pour un grand nombre de personnes n'est évidemment pas possible, et encore moins pour l'ensemble de la population du Canada. Les indices des prix à la consommation qui sont publiés régulièrement sont donc fondés sur le principe du panier fixe et non sur le principe du coût de la vie."
2;"Ce tableau remplace le tableau 18-10-0008-01 qui est archivé avec la diffusion des données d'avril 2007."
3;"D'avril 2020 à novembre 2021 et de janvier 2022 à février 2022 , certains sous-indices et leurs composants ont été imputés en utilisant des approches particulières pour un ou plusieurs mois. Les indices touchés sont les suivants : services de garde d’enfants; services d’entretien ménager; transport aérien; services de soins personnels; services de loisirs; voyages organisés; spectacles; utilisation d’installations et de services de loisirs; bière servie dans un établissement avec un permis d’alcool; vin servi dans un établissement avec un permis d’alcool, et spiritueux servis dans un établissement avec un permis d’alcool. Les détails de ces traitements d'avril 2020 à mars 2021 sont fournis dans des suppléments techniques disponibles dans la <a href="https://www150.statcan.gc.ca/n1/fr/catalogue/62F0014M" rel="external noopener noreferrer" target="_blank"> Série analytique des prix (ouvre une nouvelle fenêtre)</a>. À partir d'avril 2021, les détails et les traitements sont disponibles sur demande auprès de la <a href="mailto:statcan.cpddisseminationunit-dpcunitedediffusion.statcan@statcan.gc.ca" rel="external noopener noreferrer" target="_blank">Division des prix à la consommation (ouvre une nouvelle fenêtre)</a>."
4;"Tous les biens et services inclus dans l'Indice des prix à la consommation (IPC) sont organisés dans une structure hiérarchique ayant comme premier niveau de l'IPC d'ensemble avec les huit composantes principales suivantes : aliments; logement; dépenses courantes, ameublement et équipement du ménage; vêtements et chaussures; transports; soins de santé et soins personnels; loisirs, formation et lecture; et boissons alcoolisées, produits du tabac et cannabis récréatif. Ces composantes principales sont constituées de diverses sous-composantes qui sont à leur tour divisées en d'autres sous-composantes. Les sous-composantes sont décalées afin de montrer les divers niveaux d'agrégation. Par exemple, les huit composantes principales sont décalées d'un espace. NOTE : Certains éléments sont combinés à l'extérieur de la structure principale afin de calculer des agrégations spéciales tels que l'IPC d'ensemble excluant les aliments et l'énergie; énergie; biens; services; ou fruits et légumes frais. Ces agrégations spéciales se situent après les sous-composantes de la composante principale intitulée boissons alcoolisées, produits du tabac et cannabis récréatif."
5;"Aliments comprend les boissons non alcoolisées."
6;"Une partie de l'augmentation de l'indice du logement de Yellowknife qui a été montrée en décembre 2004 reflétait par inadvertance des augmentations de loyer qui s'étaient produites plus tôt. Donc, la variation de l'indice du logement a été surévaluée en décembre 2004 et sous-évaluée les deux années précédentes. La série de l'indice du logement pour Yellowknife a été rectifiée à partir de décembre 2002. De plus, la série de l'Indice des prix à la consommation (IPC) d'ensemble pour Yellowknife et les indices de certains agrégats spéciaux pour Yellowknife ont également changé. Les données pour le Canada, les provinces et les autres territoires n'ont pas été touchées."
7;"L'agrégat spécial énergie comprend l'électricité; le gaz naturel; le mazout et autres combustibles; l'essence; ainsi que le carburant, pièces et accessoires pour véhicules de loisirs."
8;"Il s'agit de biens matériels ou corporels qui sont habituellement classifiés selon leur durée utile en biens non durables, semi-durables et durables. Les biens non durables sont ceux qui se consomment en moins d'un an dans des conditions d'usage normal. Par exemple les aliments frais, les appareils photographiques jetables et l'essence. Les biens semi-durables sont ceux qui peuvent durer plus ou moins de 12 mois selon leur utilisation. Par exemple, les vêtements, les chaussures et les articles ménagers en matière textile. Enfin, les biens durables sont ceux qui peuvent s'utiliser d'une manière répétée ou continue pendant plus d'un an dans des conditions d'usage normal. Par exemple, les voitures, le matériel audio-vidéo et les meubles."
9;"Dans l'Indice des prix à la consommation (IPC), on caractérise un service comme le travail utile qu'accomplit une personne ou un organisme pour le compte d'un consommateur, qu'il s'agisse d'entretien de la voiture, de coiffure ou de transport en commun. Les opérations sur services peuvent englober le prix de certains biens par nature. À titre d'exemple, citons les aliments consommés dans les services de restauration et les articles employés dans les services de réparation de vêtements."



"Comment citer le produit : Statistique Canada. Tableau 18-10-0004-01  Indice des prix à la consommation mensuel, non désaisonnalisé"
https://www150.statcan.gc.ca/t1/tbl1/fr/tv.action?pid=1810000401